"–°—É–ø–µ—Ä–º–µ–Ω –ø—Ä–æ—Å—Ç–æ —Ç–∞–∫ –Ω–µ –¥–∞–ª—Å—è, —Å–æ –≤—Ç–æ—Ä–æ–π –ø–æ–ø—ã—Ç–∫–∏ —Å–¥—É–ª—Å—è üòÄ"
""
üòÅ
–ü–æ–¥–≥–æ—Ç–æ–≤–∫–∞ –∫ –º–µ–∂–¥—É–Ω–∞—Ä–æ–¥–Ω–æ–º—É —á–µ–º–ø–∏–æ–Ω–∞—Ç—É –ø–æ –Ω–∞–¥—Å—Ç–æ–ª—å–Ω–æ–π –≥–∏–º–Ω–∞—Å—Ç–∏–∫–µ! ü•áü•Åüòò
""
""
""
–ò–¥–∏—Ç–µ‚Ä¶ üòÄ
"–î–µ—Ç–∏ –¥–æ 2 –ª–µ—Ç —Å–æ–≤–µ—Ä—à–µ–Ω–Ω—ã–µ —Å–æ–ª–∏–ø—Å–∏—Å—Ç—ã, ‚Äò–∏–Ø‚Äô —ç—Ç–æ —Ü–µ–Ω—Ç—Ä –º–∏—Ä–∞ ü•≥"
–ê–∫—Ç—Ä–∏—Å–∞ ‚ò∫Ô∏è
–í–µ—á–µ—Ä–Ω–∏–µ —Å–ø–æ—Ä—ã
–í—Å–µ –¥–µ—Ç–∫–∏ –∏ –¥–µ–¥–∫–∏ –∏—Å–ø—É–≥–∞–ª–∏—Å—å ü´¢))
""
"–¢–æ—Ç –ø–æ—Å—Ç—É–ø–∞–µ—Ç –º—É–¥—Ä–æ!)) 
–ú—è—É —Ç–∞–∫–∞—è —É–ø–∏—Ç–∞–Ω–Ω–∞—è, –±–µ–∑ –∫–æ–º–ø–ª–µ–∫—Å–æ–≤)"
–ö—Ç–æ —Ö–æ–¥–∏—Ç –≤ –≥–æ—Å—Ç–∏ –ø–æ —É—Ç—Ä–∞–º))
""
üòçüòçüòç
""
–û–ª–∏–º–ø–∏–π—Å–∫–∞—è —Ç—Ä–µ–Ω–∏—Ä–æ–≤–∫–∞ –ø–æ –±—Ä–æ—Å–∞–Ω–∏—é –∫–∞–º–µ—à–µ–∫)
"–ù–µ–∞, —Å–ª–∏—à–∫–æ–º –¥–æ–ª–≥–æ –ø–µ—Ä–µ–æ–¥–µ–≤–∞—Ç—å—Å—è)"
""
–ü–ª–∞–≤–∞–ª–∏ —Å –≠–º–∏–ª–∏–µ–π?
—Ç–æ–ª—å–∫–æ —Ç–µ–ø–ª–æ–µ!)
–ú–æ—Ä–µ –∫–∞–∫ –≤ –ö–∞–ª–∏–Ω–∏–Ω–≥—Ä–∞–¥–µ
"–ü—Ä–∏–≤–µ—Ç, –ø—Ä–∏–≤–µ—Ç!!! üòäüåä"
""
""
üëèüòò
""
"–í 1,5 –≥–æ–¥–∞ —Ç–∞–∫–∏–µ —Ç–∞–Ω—Ü–µ–≤–∞–ª—å–Ω—ã–µ –ø–∞, —ç—Ç–æ –Ω–µ —Å—É—à–∫—É —Å—Ö—Ä—é–º–∫–∞—Ç—å –ø–æ–¥ –∞–ø–ª–æ–¥–∏—Å–º–µ–Ω—Ç—ã) üî•‚ò∫Ô∏è"
"–ü—Ä–æ—Ü–µ—Å—Å –ø–æ—à—ë–ª, –æ—Ä–∏–µ–Ω—Ç–∏—Ä—É–µ–º—Å—è –Ω–∞ 8-9 –Ω–æ—è–±—Ä—è)"
–•–∞–π!)) –•–æ–ø! üòä
""
–°–∞–º–∏ —Å–µ–±–µ —Å–æ–ª–æ —Ç–∞–Ω–µ—Ü)) üíÉüèº üí´
""
–í—Å–µ–º –ø—Ä–∏–≤–µ—Ç –∏ –ø—Ä–∏—è—Ç–Ω–æ–≥–æ –∞–ø–ø–µ—Ç–∏—Ç–Ω–æ–≥–æ –≤–µ—á–µ—Ä–∞!) ü•≥
""
–£ –Ω–∞—Å —Ç—É—Ç —Å–µ–º–µ–π–Ω—ã–π —É–∂–∏–Ω!)
üëçüëçüëç
"–ö–∞–∫ –æ—Ç–¥–∞–º, –Ω–∞–ø–∏—à—É)"
üëçüòä
–ù–∞ –º–∞—Ä–∫—Å–∏—Å—Ç—Å–∫—É—é)
"–°—É–ø–µ—Ä, —Å–ø–∞—Å–∏–±–æ–æ–æ–æ–æ‚ù§Ô∏è"
–î–∞–ª–µ–∫–æ –µ—Ö–∞—Ç—å?)
–°—É—É–ø–µ—Ä!)
"–ß–µ–ª–æ–≤–µ–∫ (–∏–º—è –ì–æ—Ä) –ø–µ—Ä–µ–∑–≤–æ–Ω–∏–ª —Ç–æ–ª—å–∫–æ —á—Ç–æ. –î–∞, –ø–æ–∫–∞ –µ—Å—Ç—å –≤–æ–∑–º–æ–∂–Ω–æ—Å—Ç—å –Ω–∞ –∑–∞–≤—Ç—Ä–∞ –æ—Ç–¥–∞—Ç—å, –ø–æ—Ç–æ–º –∑–∞–≥—Å –æ–ø—è—Ç—å –¥–∞—ë—Ç —Ç–æ–ª—å–∫–æ –¥–æ–ª–≥–∏–µ —Å—Ä–æ–∫–∏. –î–æ–≥–æ–≤–æ—Ä–∏–ª–∏—Å—å, —á—Ç–æ –∑–∞–≤—Ç—Ä–∞ –∫ 10.00 –ø–æ–¥—ä–µ–¥—É –∫ –Ω–∏–º, –∑–∞–≤—Ç—Ä–∞ –∂–µ –æ–Ω–∏ –∫—É—Ä—å–µ—Ä–æ–º –æ—Ç–ø—Ä–∞–≤–ª—è—é—Ç –¥–æ–∫—É–º–µ–Ω—Ç –≤ –∑–∞–≥—Å)"
–æ–±–µ—â–∞—é—Ç –≥–æ—Ç–æ–≤–Ω–æ—Å—Ç—å)
"–°–æ–∑–≤–æ–Ω–∏–ª—Å—è, —á–µ–ª–æ–≤–µ–∫ –ø–µ—Ä–µ–∑–≤–æ–Ω–∏—Ç –∑–∞–≤—Ç—Ä–∞ –≤ 11-12 —á–∞—Å–æ–≤, –∏–º –Ω–∞–¥–æ –ø–æ–¥—Ç–≤–µ—Ä–¥–∏—Ç—å—Å—è –≤ –∑–∞–≥—Å–µ –ø–æ –±—ã—Å—Ç—Ä–æ–º—É –≤–∞—Ä–∏–∞–Ω—Ç—É. –ï—Å–ª–∏ –¥–∞, —Ç–æ 8-9 –Ω–æ—è–±—Ä—è - 15000—Ä"
"–ü—Ä–∏–≤–µ—Ç!)
–ó–Ω–∞—á–∏—Ç, –∑–∞–≤—Ç—Ä–∞ –Ω–µ –µ—Ö–∞—Ç—å –≤ –º—Ñ—Ü.
–°–µ–π—á–∞—Å –ø–æ–∑–≤–æ–Ω—é –≤ –°–ø–µ–∫—Ç—Ä–∞–ø–µ—Ä–µ–≤–æ–¥"
–°–º–æ–∂–µ—Ç–µ —Å –Ω–∏–º–∏ —Å–≤—è–∑–∞—Ç—å—Å—è –∏ –ø–æ–¥–≤–µ–∑—Ç–∏ –∏–º —Å–≤–∏–¥–µ—Ç–µ–ª—å—Å—Ç–≤–æ?)üôè
"–°–∞–º—ã–π –±—é–¥–∂–µ—Ç–Ω—ã–π –±—ã—Å—Ç—Ä—ã–π –≤–∞—Ä–∏–∞–Ω—Ç –≤–æ—Ç —ç—Ç–∏ —Ä–µ–±—è—Ç–∞, https://spektraperevod.ru - 3-4 —Ä–∞–±–æ—á–∏—Ö –¥–Ω—è 15000"
"–†–µ—à–∏–ª–∏ –ø–æ–π—Ç–∏ –ø–æ –ø—É—Ç–∏ –Ω–µ —Ä–∏—Å–∫–æ–≤–∞—Ç—å, –∞ —Å—Ä–∞–∑—É —Å–¥–µ–ª–∞—Ç—å –±—ã—Å—Ç—Ä—ã–π –∞–ø–æ—Å—Ç–∏–ª—å)"
"@Lemon1964 –ø–∞–ø–∞ –ú–∏—à–∞, üôã‚Äç‚ôÄÔ∏è"
–í—Å–µ –ø–æ–ª—É—á–∏–ª–æ—Å—å!) ü•≥
""
–ó–≤—É—á–∏—Ç –æ—Ç–ª–∏—á–Ω–æ!)
–ò –ø–ª–∞–Ω –ë - 2 –¥–Ω—è/9500—Ä
"–í—Å–µ —Ñ–∞–º–∏–ª–∏–∏ –≤ –¥–æ–∫–∞—Ö –∏ –º–æ–µ–π –¥–æ–≤–µ—Ä–µ–Ω–Ω–æ—Å—Ç–∏ –æ–¥–∏–Ω–∞–∫–æ–≤—ã–µ, —É –∑–∞–≥—Å–∞ –Ω–µ –¥–æ–ª–∂–Ω–æ –≤–æ–∑–Ω–∏–∫–Ω—É—Ç—å –æ—Å–Ω–æ–≤–∞–Ω–∏–π –¥–ª—è –¥–æ–ø—Å–≤–µ–¥–µ–Ω–∏–π, —Å—Ä–æ–∫–∏ –º—Ñ—Ü –¥–æ–ª–∂–Ω—ã –±—ã—Ç—å –≤—ã–¥–µ—Ä–∂–∞–Ω—ã –≤ –æ–∑–≤—É—á–µ–Ω–Ω—ã–µ –∏–º–∏ 5—Ä–∞–±–æ—á–∏—Ö –ø–ª—é—Å 10–∫–∞–ª–µ–Ω–¥–∞—Ä–Ω—ã—Ö"
"–ê–≤–∞—Ç–µ—Ä–∞ –ø—Ä–æ–≥–æ–≤–æ—Ä–∏–ª–∞—Å—å - ¬´‚Ä¶ —á–µ—Ä–µ–∑ –Ω–∞—à–∏ –º—Ñ—Ü..,¬ª))"
–ë—ã–ª–æ –±—ã —Ö–æ—Ä–æ—à–æ –µ—Å–ª–∏ —Ç–∞–∫)
–û–∫)
"–ò–∑ –æ–≥–æ–≤–æ—Ä–æ–∫ —Å–ø–µ—Ü–æ–≤ –∏–∑ –∫–æ–Ω—Ç–æ—Ä (–≤ —Ç—á –ê–≤–∞—Ç–µ—Ä—ã) –ø–æ–Ω—è–ª, —á—Ç–æ –≤—Å–µ –æ–Ω–∏ –ø–æ–¥–∞—é—Ç –¥–æ–∫–∏ –≤ –º—Ñ—Ü –∫–∞–∫ –ø—Ä–æ—Å—Ç—ã–µ —Å–º–µ—Ä—Ç–Ω—ã–µ, –∞ –±—ã—Å—Ç—Ä—ã–µ —Å—Ä–æ–∫–∏ —á–µ—Ä–µ–∑ –∑–∞–¥–Ω–µ–µ –∫—Ä—ã–ª—å—Ü–æ –∑–∞ üí∞"
"–ù–∞–≤–µ—Ä–Ω–æ, –º—ã —Å —Ç–æ–Ω–µ–π –ø–æ—á–∏—Ç–∞–µ–º —á—Ç–æ —Ç–∞–º —Å–∞–º–æ–µ –≥–ª–∞–≤–Ω–æ–µ!)"
"–ù—É –≤–Ω–µ—à–Ω–µ –æ–Ω —Ç–æ—á–Ω–æ –±—É–¥–µ—Ç –∫–∞–∫–æ–π –Ω—É–∂–µ–Ω. 
–ì–ª–∞–≤–Ω—ã–º —Å—á–∏—Ç–∞–µ—Ç—Å—è –Ω–∞–≤–µ—Ä–Ω–æ–µ –Ω–∞–ª–∏—á–∏–µ –≤ –æ—Ç–∫—Ä—ã—Ç–æ–º —Ä–µ–µ—Å—Ç—Ä–µ –∑–∞–≥—Å–∞ –Ω–æ–º–µ—Ä–∞ –∞–ø–æ—Å—Ç–∏–ª—è –Ω–∞ –≤—ã–¥–∞–Ω–Ω–æ–µ —Å–≤–∏–¥–µ—Ç–µ–ª—å—Å—Ç–≤–æ)"
"–°–æ–≥–ª–∞—Å–µ–Ω, –≥–ª–∞–≤–Ω–æ–µ —á—Ç–æ–±—ã –Ω–æ–º–µ—Ä–∫–∏ —Å–æ–≤–ø–∞–¥–∞–ª–∏))"
"9500/2 –ø–æ –∫—Ä–∞–π–Ω–µ–π –º–µ—Ä–µ –¥–æ–ª–∂–µ–Ω –∑–∞–∫—Ä—ã—Ç—å –≤–æ–ø—Ä–æ—Å 28 —á–∏—Å–ª–∞, –∞ –≥–∞—Ä–∞–Ω—Ç–∏—Ä–æ–≤–∞–Ω–Ω—ã–π –∞–ø–æ—Å—Ç–∏–ª—å –º—Ñ—Ü —á—É—Ç—å –ø–æ–ø–æ–∑–∂–µ –ø—Ä–æ—Å—Ç–æ –∑–∞–º–µ–Ω–∏—Ç –µ–≥–æ –Ω–∞ –±—É–¥—É—â–µ–µ)"
"–í—Ä—è–¥ –ª–∏ –ø–æ–¥–æ—Ä–æ–∂–∞–µ—Ç, —Ç–µ–º –±–æ–ª–µ–µ –ø—Ä–æ–ø–∞–¥—ë—Ç –∑–∞ —Ç–∞–∫–∏–µ –¥–µ–Ω—å–≥–∏))
–ï—Å—Ç—å –µ—â—ë –≤–∞—Ä–∏–∞–Ω—Ç 9500/2 –¥–Ω—è (–º–æ–∂–µ—Ç –Ω–µ —Ç–∞–∫–æ–π —É–∂ –∏ –ª–µ–≤—ã–π, –∞ —Ç–∞–∫–æ–π –∂–µ –∫–∞–∫ —É –ê–≤–∞—Ç–µ—Ä—ã)"
–ú–Ω–µ –Ω—Ä–∞–≤–∏—Ç—Å—è –ø–ª–∞–Ω!) –µ–¥–∏–Ω—Å—Ç–≤–µ–Ω–Ω–æ–µ —á–µ–≥–æ –±–æ—é—Å—å —á—Ç–æ –æ–ø—Ü–∏—è –≤ 5 –¥–Ω–µ–π –º–æ–∂–µ—Ç –µ—â–µ –ø–æ–¥–æ—Ä–æ–∂–∞—Ç—å –∏–ª–∏ –≤–æ–≤—Å–µ –ø—Ä–æ–ø–∞—Å—Ç—å
üòòü•≥
"–ú–æ–∂–Ω–æ –µ—â—ë —Ç–∞–∫:
2 –Ω–æ—è–±—Ä—è –ø–ª–∞—á—É 2500—Ä, —Å–¥–∞—é –∫–æ–ø–∏—é –Ω–∞ –∞–ø–æ—Å—Ç–∏–ª—å. –ó–∞–ø–∏—Å—ã–≤–∞—é—Å—å –Ω–∞ –ø–æ–ª—É—á–µ–Ω–∏–µ 2 –∫–æ–ø–∏–∏ (–∫–æ–ø–∏–π –º–æ–∂–µ—Ç –±—ã—Ç—å —Å–∫–æ–ª—å–∫–æ —É–≥–æ–¥–Ω–æ). –ï—Å–ª–∏ 2 –Ω–æ—è–±—Ä—è —É—Å–ª–æ–≤–∏—è –º—Ñ—Ü –±—É–¥—É—Ç —Ç–∞–∫–∏–º–∏ –∂–µ –∫–∞–∫ –∏ –Ω–∞ 29 –æ–∫—Ç—è–±—Ä—è, —Ç–æ–≥–¥–∞ 5 —Ä–∞–±–æ—á–∏—Ö+10–∫–∞–ª–µ–Ω–¥–∞—Ä–Ω—ã—Ö=17–¥–Ω–µ–π, 2+17=19 –Ω–æ—è–±—Ä—è —Å—É–±–±–æ—Ç–∞. –ü–ª—é—Å 20 –≤—Å–∫—Ä, –≤ —Ç–µ—á–µ–Ω–∏–µ –∫–æ—Ç–æ—Ä—ã—Ö –º—Ñ—Ü –º–æ–∂–µ—Ç –≤—ã–¥–∞—Ç—å –∞–ø–æ—Å—Ç–∏–ª—å. 
–î–æ —ç—Ç–æ–≥–æ –≤—Ä–µ–º–µ–Ω–∏ –Ω–∞ —Ä—É–∫–∞—Ö –±—É–¥–µ—Ç –≤—Ç–æ—Ä–æ–µ —Å–≤–∏–¥–µ—Ç–µ–ª—å—Å—Ç–≤–æ.
–ï—Å–ª–∏ –º—Ñ—Ü 20-–≥–æ –Ω–µ –≤—ã–¥–∞—Å—Ç, 21-–≥–æ –º–æ–∂–Ω–æ –∑–∞–∫–∞–∑–∞—Ç—å —É –ê–≤–∞—Ç–µ—Ä—ã –∑–∞ 5–¥–Ω–µ–π/18000. 25-–≥–æ –±—É–¥–µ—Ç –Ω–∞ —Ä—É–∫–∞—Ö, 26-27 –Ω–∞ –ø–µ—Ä–µ—Å—ã–ª–∫—É –≤ –¢—É—Ä—Ü–∏—é"
""
–•–æ—Ä–æ—à–æ)
–î–∞–≤–∞–π –¢–æ–Ω—è —Å–µ–≥–æ–¥–Ω—è –µ—â–µ –ø–æ—Å–º–æ—Ç—Ä–∏—Ç –∏ –∫ –≤–µ—á–µ—Ä—É –ø—Ä–∏–º–µ–º —Ä–µ—à–µ–Ω–∏–µ!)
"–í–∞—Ä–∏–∞–Ω—Ç –ú–û, 10-12 –¥–Ω–µ–π, 10—Ç—ã—Å –∑–∞ –Ω–æ–≤—ã–π –¥—É–±–ª–∏–∫–∞—Ç –∏ –∞–ø–æ—Å—Ç–∏–ª—å –Ω–∞ –Ω–µ–≥–æ"
https://www.perevodof.ru/
–ù—É –µ–≥–æ –Ω–µ—ÇüòÑ –ø–æ—ç—Ç–æ–º—É —Ä–∏—Å–∫–æ–≤–∞—Ç—å –Ω–µ —Å—Ç–æ–∏—Ç —á–µ—Ä–µ–∑ –º—Ñ—Ü
–†–µ—à–µ–Ω–∏–µ –∑–∞ –≤–∞–º–∏)
–ê —á—Ç–æ –∑–∞ –ø–ª–∞–Ω –ë?
–†–∏—Å–∫–æ–≤–∞—Ç—å –Ω–∞ 3-4 –Ω–µ–¥–µ–ª–∏ –±–µ–∑ –ø–ª–∞–Ω–∞ –ë —Ç–æ—á–Ω–æ –Ω–µ —Å—Ç–æ–∏—Ç. –õ—É—á—à–µ 18 —Ç—ã—Å –æ—Ç–¥–∞—Ç—å
"–î–∞, –º–æ–∂–Ω–æ —á–µ—Ä–µ–∑ —Ç–µ—Ö, –∫—Ç–æ –ø—Ä–µ–¥–ª–æ–∂–∏–ª –ú–û"
–ú–æ–∂–µ—Ç —á–µ—Ä–µ–∑ –ú–û –∑–∞ 10 —Ç—ã—Å —Ä—É–±?
–ù–æ —Ç–æ–≥–¥–∞ –Ω–∏–∫–∞–∫–æ–≥–æ –ø–ª–∞–Ω–∞ –± –Ω–µ –æ—Å—Ç–∞–Ω–µ—Ç—Å—è)
"–≠—Ç–æ –º–æ—è –¥–∞—Ç–∞ –∑–∞–ø–∏—Å–∏ –≤ –º—Ñ—Ü, –º–æ–∂–Ω–æ –∏ –±–µ–∑ –∫–æ–Ω—Ç–æ—Ä, —Å—Ç–æ–∏–º–æ—Å—Ç—å 2500—Ä –æ–±—ã—á–Ω–∞—è –≥–æ—Å–ø–æ—à–ª–∏–Ω–∞"
"–ü–µ—Ä–µ–∑–≤–æ–Ω–∏–ª —Å–ø–µ—Ü–∏–∞–ª–∏—Å—Ç –∏–∑ –ê–≤–∞—Ç–µ—Ä—ã.
5500—Ä —Å—Ä–æ–∫ 4 –Ω–µ–¥–µ–ª–∏, —Ä–∞–Ω—å—à–µ –Ω–µ –≥–∞—Ä–∞–Ω—Ç–∏—Ä—É—é—Ç. –¢–∞–∫–∂–µ –∫–∞–∫ –∏ –≤—Å–µ –æ—Å—Ç–∞–ª—å–Ω—ã–µ –∫–æ–Ω—Ç–æ—Ä—ã —Ä–∞–±–æ—Ç–∞—é—Ç —á–µ—Ä–µ–∑ –º—Ñ—Ü –Ω–∞ –æ–±—â–∏—Ö –æ—Å–Ω–æ–≤–∞–Ω–∏—è—Ö. 
5 –¥–Ω–µ–π - 18000—Ä.
–î—Ä—É–≥–∏—Ö –≤–∞—Ä–∏–∞–Ω—Ç–æ–≤ –Ω–µ—Ç.
–ß—Ç–æ –¥–µ–ª–∞–µ–º?"
"(–í –º—Ñ—Ü –Ω–∞ 29 –æ–∫—Ç –Ω–∞–∑—ã–≤–∞–ª–∏ 5 —Ä–∞–±–æ—á–∏—Ö + 10 –∫–∞–ª–µ–Ω–¥–∞—Ä–Ω—ã—Ö (–∑–≤–æ–Ω–∏–ª–∏ –ø–æ 10 –¥–Ω—è–º –ø—Ä–∏ –º–Ω–µ –≤ –∑–∞–≥—Å), –Ω–æ –¥–∞–∂–µ –æ–Ω–∏ –Ω–µ –æ—Ç–≤–µ—á–∞—é—Ç –∑–∞ —Ä–µ–∞–ª—å–Ω—ã–µ —Å—Ä–æ–∫–∏ –∑–∞–≥—Å–∞ (–¥–æ 30 –¥–Ω–µ–π –≤ —Å–ª—É—á–∞–µ –µ—Å–ª–∏ –∑–∞–≥—Å –∑–∞—Ö–æ—á–µ—Ç –ø–æ–ª—É—á–∏—Ç—å –∫–∞–∫–∏–µ-—Ç–æ –¥–æ–ø—Å–≤–µ–¥–µ–Ω–∏—è)
–ù–∞ –≤—Å—è–∫–∏–π —Å–ª—É—á–∞–π –∑–∞–ø–∏—Å–∞–ª—Å—è –Ω–∞ 2 –Ω–æ—è–±—Ä—è)
–û–∫, –¥–≤–∏–≥–∞–µ–º—Å—è –≤–º–µ—Å—Ç–µ —Å –≤–∞—à–µ–π –∫–æ–Ω—Ç–æ—Ä–æ–π)
–ö–∞–∫ –¥–æ–≥–æ–≤–æ—Ä—é—Å—å —Å –Ω–∏–º–∏, –Ω–∞–ø–∏—à—É"
"–ù—É –æ–Ω —Ç–∞–∫–æ–π –∂–µ –∫–∞–∫ –∏ –¥—Ä—É–≥–æ–π –ø–æ —Å—Ä–æ–∫–∞–º –∏ –¥–µ–Ω—å–≥–∞–º, –Ω–æ –ø–æ—Å–∫–æ–ª—å–∫—É –≤—ã –≤—ã–±—Ä–∞–ª–∏ –µ–≥–æ, –¥—Ä—É–≥–∏–µ –∏ –Ω–µ —Ä–∞—Å—Å–º–∞—Ç—Ä–∏–≤–∞–µ–º)"
"–ê–≥–∞, –∫–∞–∂–µ—Ç—Å—è —ç—Ç–æ —Å–∞–º—ã–π —Ä–∞–∑—É–º–Ω—ã–π –≤–∞—Ä–∏–∞–Ω—Ç"
–°–ø–∞—Å–∏–±–æ!
–ñ–¥—É –∏—Ö –∑–≤–æ–Ω–∫–∞ –∏ –Ω–∞—á–∏–Ω–∞—é —Å –Ω–∏–º–∏ —Ä–∞–±–æ—Ç–∞—Ç—å –ø–æ –≤–∞—Ä–∏–∞–Ω—Ç—É 3 –Ω–µ–¥–µ–ª–∏/5500?
"–ü–æ–∑–≤–æ–Ω–∏–ª –≤ —ç—Ç—É –∫–æ–Ω—Ç–æ—Ä—É. –°–ø–µ—Ü –ø–µ—Ä–µ–∑–≤–æ–Ω–∏—Ç –ø–æ—Å–ª–µ 10.00. –ü–æ–∫–∞ –∏–Ω—Ñ–æ—Ä–º–∞—Ü–∏—è —Ç–∞–∫–∞—è:
–°—Ä–æ–∫ 3 –Ω–µ–¥–µ–ª–∏, —Å—Ç–æ–∏–º–æ—Å—Ç—å 5500—Ä
–ü—Ä–∏ —Å—Ä–æ–∫–µ 3-4 –¥–Ω—è —Å—Ç–æ–∏–º–æ—Å—Ç—å 18500—Ä"
"–ü—Ä–∏—Å–æ–µ–¥–∏–Ω—è—é—Å—å, –≤–Ω—É–∫–∏ –∏ –¥–µ—Ç–∏)) ü•≥"
–£ –º–µ–Ω—è —Å–∞–º—ã–µ –∑–∞–º–µ—á–∞—Ç–µ–ª—å–Ω—ã–µ –≤–Ω—É–∫–∏. üòòüòòüòò
""
""
""
""
"–¢–µ–ª–µ—Ñ–æ–Ω –ø–æ–∫–∞ –Ω–µ –∞–±–æ–Ω–µ–Ω—Ç, –ø–æ–∑–≤–æ–Ω—é –∑–∞–≤—Ç—Ä–∞ –∏ –≤ –ø–æ–Ω–µ–¥–µ–ª—å–Ω–∏–∫, –µ—Å–ª–∏ –≤ –≤—Å–∫—Ä –≤—ã—Ö–æ–¥–Ω–æ–π —É –Ω–∏—Ö"
–ø—Ä–æ—Ñ–µ—Å—Å–∏–æ–Ω–∞–ª—å–Ω–∞—è!)
""
""
–ê –ø—Ä–∏—à–ª—ë—Ç–µ —Ñ–æ—Ç–æ –Ω–æ–≤–æ–≥–æ?)
–ö–æ—Ç–æ—Ä–æ–µ —Å–µ–π—á–∞—Å –ø–æ–ª—É—á–∏–ª–∏
–ö–æ—Ç–æ—Ä–æ–µ –±—ã–ª–æ –∏–ª–∏ –∫–æ—Ç–æ—Ä–æ–µ —Å–µ–π—á–∞—Å –ø–æ–ª—É—á–∏–º?
–ú—ã —Å—Ç–∞–≤–∏–º –Ω–∞ —Å–∞–º–æ —Å–≤–∏–¥–µ—Ç–µ–ª—å—Å—Ç–≤–æ
"–°–∞–º–æ —Å–≤–∏–¥–µ—Ç–µ–ª—å—Å—Ç–≤–æ) –º–æ–∂–Ω–æ –ø—Ä–æ—Å—Ç–æ —Å–¥–µ–ª–∞—Ç—å –∫–æ–ø–∏—é –∑–∞–≤–µ—Ä–µ–Ω–Ω—É—é, –∏ –Ω–∞ –Ω–µ—ë –ø–æ—Å—Ç–∞–≤–∏—Ç—å"
–ê –ø–æ–≤—Ç–æ—Ä–Ω–æ–µ —Å–≤–∏–¥–µ—Ç–µ–ª—å—Å—Ç–≤–æ —ç—Ç–æ –æ—Ä–∏–≥–∏–Ω–∞–ª –∏–ª–∏ –Ω–µ—Ç?
"–ù–∞ –æ—Ä–∏–≥–∏–Ω–∞–ª?
–ò–ª–∏ –Ω–∞ –ø–æ–≤—Ç–æ—Ä–Ω—É—é –∫–æ–ø–∏—é?"
–ê —á—Ç–æ —Ç–∞–∫–æ–µ –æ—Ä–∏–≥–∏–Ω–∞–ª?
–û–∫)
–î–∞) –≤–µ—Ä–Ω–æ
–ê–≥–∞)
"–¢–æ–≥–¥–∞ –ù–∞—Ç–∞–ª—å–µ –Ω–µ –Ω–∞–¥–æ –∏–¥—Ç–∏ –≤ –º—Ñ—Ü, –∏ –º–Ω–µ –Ω–µ –Ω–∞–¥–æ –∏–¥—Ç–∏ –≤ –º—Ñ—Ü, –≤ –∫–æ—Ç–æ—Ä–æ–µ —è —Å–µ–π—á–∞—Å –∑–∞–ø–∏—Å–∞–ª—Å—è –Ω–∞ 2 –Ω–æ—è–±—Ä—è.
–ó–∞–≤—Ç—Ä–∞ —Å–≤—è–∑—ã–≤–∞—é—Å—å —Å —ç—Ç–∏–º–∏ —Ä–µ–±—è—Ç–∞–º–∏ –∏ –¥–µ–ª–∞—é —á–µ—Ä–µ–∑ –Ω–∏—Ö?"
–í—ã —Å—É–ø–µ—Ä!)
–£–∂–µ —É–∑–Ω–∞–ª–∏ —Å–∞–º–∏. –ù–µ –Ω—É–∂–Ω–∞. üòÄ
–ï—Å—Ç—å —Ç–∞–∫–∞—è –ø–µ—á–∞—Ç—å –Ω–∞ —Å–≤–∏–¥–µ—Ç–µ–ª—å—Å—Ç–≤–µ —Å –æ–±—Ä–∞—Ç–Ω–æ–π —Å—Ç–æ—Ä–æ–Ω—ã. –û–Ω–∞ –Ω—É–∂–Ω–∞ –Ω–∞ –Ω–æ–≤–æ–º?
""
"–ú—ã —Å–µ–π—á–∞—Å –≤ –ú–§–¶. –ñ–¥—ë–º, –∫–æ–≥–¥–∞ —Å–¥–µ–ª–∞—é—Ç –Ω–æ–≤–æ–µ —Å–≤–∏–¥–µ—Ç–µ–ª—å—Å—Ç–≤–æ."
–ù–∞ –æ—Ä–∏–≥–∏–Ω–∞–ª–µ –∞–ø–æ—Å—Ç–∏–ª—å —Å—Ç–∞–≤—è—Ç
–¢—É—Ç —Ä–µ–±—è—Ç–∞ –¥–µ–ª–∞–ª–∏ —á–µ—Ä–µ–∑ –Ω–∏—Ö –∑–∞ 5 –¥–Ω–µ–π 5500
@Lemon1964 —Å–º–æ–∂–µ—Ç–µ –ø–æ–∑–≤–æ–Ω–∏—Ç—å —É–∑–Ω–∞—Ç—åüôè
–ù–∞–º –ø–æ—Å–æ–≤–µ—Ç–æ–≤–∞–ª–∏ –≤–æ—Ç —ç—Ç–∏—Ö —Ä–µ–±—è—Ç https://www.traktat.com/apostil/v-moskve/
–ú—ã –≤—Å–µ –≤–∑–≤–µ—Å–∏–ª–∏ –∏ —Ä–µ—à–∏–ª–∏ –¥–µ–ª–∞—Ç—å —á–µ—Ä–µ–∑ –∫–æ–Ω—Ç–æ—Ä—É
–°–ø–∞—Å–∏–±–æ –∑–∞ –∏–Ω—Ñ–æ—Ä–º–∞—Ü–∏—é!
–ü—Ä–æ –ª–µ–≤—ã–π
"–£ –º–µ–Ω—è –æ—Å—Ç–∞—Ç–∫–µ 3 –≤–∞—Ä–∏–∞–Ω—Ç–∞.
–ü–µ—Ä–≤—ã–π –ª–µ–≤—ã–π 9500/2 –¥–Ω—è
–í—Ç–æ—Ä–æ–π –ú–û, 15 –¥–Ω–µ–π/10000
–¢—Ä–µ—Ç–∏–π 1 –∏–ª–∏ 3 –∫–æ–Ω—Ç–∞–∫—Ç, 4100-4500, 21-22 –Ω–æ—è–±—Ä—è, –Ω–æ –±–µ–∑ –≥–∞—Ä–∞–Ω—Ç–∏–π"
""
""
"–°–µ–≥–æ–¥–Ω—è —Å–æ–∑–≤–æ–Ω–∏–ª—Å—è —Å–ø–∏—Å–∞–ª—Å—è –µ—â—ë —Å 5 —Ñ–∏—Ä–º–∞–º–∏.
–í—Å–µ –ø–∏—à—É—Ç - —Å–µ–π—á–∞—Å –≤ –∑–∞–≥—Å–∞—Ö –ú–æ—Å–∫–≤—ã —É—Å—Ç–∞–Ω–æ–≤–ª–µ–Ω —Å—Ä–æ–∫ 16 —Ä–∞–±–æ—á–∏—Ö –¥–Ω–µ–π.
1 –∫–æ–Ω—Ç–∞–∫—Ç –æ–±–µ—â–∞–ª –ø–æ—Å—Ç–∞—Ä–∞—Ç—å—Å—è —Å–¥–µ–ª–∞—Ç—å –¥–æ 21-22 —á–∏—Å–ª–∞, 4500—Ä.
2 –∫–æ–Ω—Ç–∞–∫—Ç –ø—Ä–µ–¥–ª–æ–∂–∏–ª —Å–¥–µ–ª–∞—Ç—å —á–µ—Ä–µ–∑ –ú–û, —Ç–∞–º –≤ –∑–∞–≥—Å–∞—Ö —Å–µ–π—á–∞—Å —Å—Ä–æ–∫ 8 —Ä–∞–±–æ—á–∏—Ö –¥–Ω–µ–π, —Å—Ä–æ–∫ –¥—É–±–ª–∏–∫–∞—Ç–∞ 2 –¥–Ω—è. –û–±—â–∞—è —Å—É–º–º–∞ –∑–∞ –¥—É–±–ª–∏–∫–∞—Ç+–∞–ø–æ—Å—Ç–∏–ª—å 10—Ç—ã—Å.—Ä 
3 –∫–æ–Ω—Ç–∞–∫—Ç - –¥–æ–ª–∂–Ω—ã —É—Å–ø–µ—Ç—å –∫ 21-22, –Ω–æ –≥–∞—Ä–∞–Ω—Ç–∏–π –Ω–µ—Ç, 4100—Ä. –ò—Ö –æ—Ç–≤–µ—Ç –≤ —Å–∫—Ä–µ–ø–∫–µ
–û—Å—Ç–∞–ª—å–Ω—ã–µ - —Ç–æ–ª—å–∫–æ –∫–æ–Ω–µ—Ü –Ω–æ—è–±—Ä—è.
–°—É–º–º—É 9500/2–¥–Ω—è –∑–∞ –Ω–µ–ª–µ–≥–∏—Ç–∏–º –Ω–∞–∑–≤–∞–ª–∏ —Ö–æ—Ä–æ—à–∏–º –≤–∞—Ä–∏–∞–Ω—Ç–æ–º"
""
"–î–∞, —Ç–æ–∂–µ —Ç–∞–∫ –¥—É–º–∞—é)
–ü—Ä–æ—Å—Ç–æ —Ñ–∞–∫—Ç –Ω–∞–ª–∏—á–∏—è –ª–µ–≤–æ–≥–æ –∞–ø–æ—Å—Ç–∏–ª—è –Ω–µ –∫–æ–º—Ñ–æ—Ä—Ç–µ–Ω —Å–∞–º –ø–æ —Å–µ–±–µ –≤ –æ—Ñ–∏—Ü–∏–∞–ª—å–Ω–æ–º –¥–æ–∫—É–º–µ–Ω—Ç–µ. 
–°–¥–µ–ª–∞—Ç—å –ª–µ–≥–∏—Ç–∏–º–Ω—ã–π –º–æ–∂–Ω–æ –±—É–¥–µ—Ç –≤—Å–µ–≥–¥–∞ –ø–æ—Ç–æ–º. –ê —Ç–∞–∫ –∫–æ–º—É –∫–∞–∫–æ–µ –¥–µ–ª–æ, –µ—Å—Ç—å –∏–ª–∏ –Ω–µ—Ç –≤ –±–¥ —Ä—Ñ –∑–∞–ø–∏—Å—å –æ –≤—ã–¥–∞—á–µ –∞–ø–æ—Å—Ç–∏–ª—è –∫—Ä–∞—Å–æ—Ç–∫–µ –≠–º–∏)"
—Å–ª–æ–∂–Ω–æ –∫–∞–∫-—Ç–æ) —è –¥—É–º–∞—é –¥–æ–∫—É–º–µ–Ω—Ç —á—Ç–æ –≤ —Å–µ—Ä–æ–π —Å—Ö–µ–º–µ —á—Ç–æ –≤ –æ–±—ã—á–Ω–æ–π —Å—Ö–µ–º–µ –Ω–∏—á–µ–º –Ω–µ –æ—Ç–ª–∏—á–∞–µ—Ç—Å—è)
"–î–∞, –æ—Ç–º–µ—Ç–∫–∞ –ø–æ–≤—Ç–æ—Ä–Ω–æ –Ω–∞ 2-–º –¥—É–±–ª–∏–∫–∞—Ç–µ –Ω–∏ –Ω–∞ —á—Ç–æ –Ω–µ –ø–æ–≤–ª–∏—è–µ—Ç"
"–ù–∞ –≤—Ç–æ—Ä–æ–º –µ—Å—Ç—å –æ—Ç–º–µ—Ç–∫–∞ –ø–æ–≤—Ç–æ—Ä–Ω–æ, –Ω–æ –æ–Ω–∞ –Ω–∏–∫–∞–∫ –Ω–µ –ø–æ–≤–ª–∏—è–µ—Ç –Ω–∞ —Å—Ö–µ–º—É –≤—ã—à–µ"
"–ù–∞ –¥—É–±–ª–∏–∫–∞—Ç–µ –Ω–µ –±—É–¥–µ—Ç –≤–µ–¥—å –Ω–∏–∫–∞–∫–∏—Ö –æ—Ç–º–µ—Ç–æ–∫, –∞–ø–æ—Å—Ç–∏–ª—å –æ—Ç–¥–µ–ª—å–Ω–∞—è –±—É–º–∞–∂–∫–∞. –¢–æ–≥–¥–∞ –º–æ–∂–Ω–æ —Ä–∞—Å—Å–º–æ—Ç—Ä–µ—Ç—å —Å–º–µ—à–∞–Ω–Ω—ã–π –≤–∞—Ä–∏–∞–Ω—Ç:
–∞) –ø–æ–ª—É—á–∞–µ–º –∏ –æ—Ç–ø—Ä–∞–≤–ª—è–µ–º 1 –¥—É–±–ª–∏–∫–∞—Ç –∏ –ª–µ–≤—ã–π –∞–ø–æ—Å—Ç–∏–ª—å. –û–Ω —Ç–æ—á–Ω–æ —É—Å–ø–µ–µ—Ç –∫–æ –≤—Ä–µ–º–µ–Ω–∏ –∏ —Å –≤–µ—Ä–æ—è—Ç–Ω–æ—Å—Ç—å—é 99% –∑–∞–∫—Ä–æ–µ—Ç –≤–æ–ø—Ä–æ—Å 28 –Ω–æ—è–±—Ä—è.
–±) –∑–∞–ø—É—Å–∫–∞–µ–º –ø–æ–ª—É—á–µ–Ω–∏–µ –≤ –º—Ñ—Ü –ø–æ–ª—É—á–µ–Ω–∏–µ 2 –¥—É–±–ª–∏–∫–∞—Ç–∞, –æ—Å–Ω–æ–≤–∞–Ω–∏–µ –ø–æ—Ç–µ—Ä—è –ø–µ—Ä–≤–æ–≥–æ. –°–≤–µ–¥–µ–Ω–∏—è –æ –Ω–µ–¥–µ–π—Å—Ç–≤–∏—Ç–µ–ª—å–Ω–æ—Å—Ç–∏ 1-–≥–æ –Ω–∏–∫–∞–∫ –Ω–µ —Å–º–æ–≥—É—Ç –ø–æ—Å—Ç—É–ø–∏—Ç—å –∫ –º–æ–º–µ–Ω—Ç—É –µ–≥–æ –ø—Ä–µ–¥—ä—è–≤–ª–µ–Ω–∏—è 28 –Ω–æ—è–±—Ä—è.
–ò –¥–µ–ª–∞–µ–º –æ—Ñ–∏—Ü–∏–∞–ª—å–Ω–æ –∞–ø–æ—Å—Ç–∏–ª—å –Ω–∞ 2 –¥—É–±–ª–∏–∫–∞—Ç –≤ –æ–±—ã—á–Ω—ã–µ 25 –¥–Ω–µ–π. –ü–æ –≥–æ—Ç–æ–≤–Ω–æ—Å—Ç–∏ –æ—Ç–ø—Ä–∞–≤–ª—è–µ–º 2 –∫–æ–º–ø–ª–µ–∫—Ç.
–≤) 1 –∫–æ–º–ø–ª–µ–∫—Ç ¬´—Ç–µ—Ä—è–µ—Ç—Å—è¬ª –∏ —Ä–≤—ë—Ç—Å—è. –ù–∞ —Ä—É–∫–∞—Ö –æ—Å—Ç–∞—ë—Ç—Å—è –ª–µ–≥–∏—Ç–∏–º–Ω—ã–π 2 –∫–æ–º–ø–ª–µ–∫—Ç. 
–ú–∏–Ω—É—Å —ç—Ç–æ–≥–æ –≤–∞—Ä–∏–∞–Ω—Ç–∞ - –¥–∞—Ç–∞ –ø—Ä–µ–¥—ä—è–≤–ª–µ–Ω–∏—è –ª–µ–≤–æ–≥–æ –¥–æ–∫—É–º–µ–Ω—Ç–∞, –µ—Å–ª–∏ –æ–Ω–∞ –±—É–¥–µ—Ç –∑–∞—Ñ–∏–∫—Å–∏—Ä–æ–≤–∞–Ω–∞ —Å –Ω–æ–º–µ—Ä–æ–º –∞–ø–æ—Å—Ç–∏–ª—è, –±—É–¥–µ—Ç –ø–æ—Å–ª–µ –¥–∞—Ç—ã –ø–æ–ª—É—á–µ–Ω–∏—è –ª–µ–≥–∏—Ç–∏–º–Ω–æ–≥–æ –¥–æ–∫—É–º–µ–Ω—Ç–∞. –ü–æ–∑–∂–µ –º–æ–≥—É—Ç –±—ã—Ç—å –Ω–µ–ø—Ä–∏—è—Ç–Ω–æ—Å—Ç–∏.
–≥) –Ω–µ–ø—Ä–∏—è—Ç–Ω–æ—Å—Ç–µ–π –Ω–µ –±—É–¥–µ—Ç, –µ—Å–ª–∏ –∑–∞—è–≤–∫—É –Ω–∞ –ø–æ–ª—É—á–µ–Ω–∏–µ 2 –ª–µ–≥–∏—Ç–∏–º–Ω–æ–≥–æ –¥—É–±–ª–∏–∫–∞—Ç–∞ –ø–æ–¥–∞—Ç—å –ø–æ—Å–ª–µ 28 –Ω–æ—è–±—Ä—è. –¢–æ–≥–¥–∞ —É—Ç–µ—Ä—è 1 –∏ –ø–æ–ª—É—á–µ–Ω–∏–µ 2 –ø–æ –¥–∞—Ç–∞–º –±—É–¥—É—Ç –≤—ã–≥–ª—è–¥–µ—Ç—å –Ω–æ—Ä–º"
–í—Å–µ —Ç–∞–∫–∏ –Ω–∞–¥–æ —ç—Ç–æ –ø—Ä–æ–≤–µ—Ä–∏—Ç—å
–ø–æ–ø—Ä–æ–±—É—é –∑–∞–≤—Ç—Ä–∞ –ø–µ—Ä–µ–Ω–µ—Å—Ç–∏ –¥–∞—Ç—É —Ä–∞–Ω–¥–µ–≤—É
"–ï—Å–ª–∏ —Ç–∞–∫–∂–µ –ø–æ–ª—É—á–∏–ª–æ—Å—å –±—ã, —Ç–æ–≥–¥–∞ –∫ 28 —É—Å–ø–µ–ª–∏ –±—ã"
–ü—Ä–æ—Å—Ç–æ –∫–æ–≥–¥–∞ —Ç—ã –ø–æ–ª—É—á–∞–µ—à—å –¥—É–±–ª–∏–∫–∞—Ç –ø–µ—Ä–≤–æ–µ —Å—Ç–∞–Ω–æ–≤–∏—Ç—Å—è –Ω–µ–¥–µ–π—Å—Ç–≤–∏—Ç–µ–ª—å–Ω—ã–º
"–î–∞, –Ω—É–∂–µ–Ω –≤—Ç–æ—Ä–æ–π –¥—É–±–ª–∏–∫–∞—Ç, –ø–æ—Å–∫–æ–ª—å–∫—É –Ω–∞ –ø–µ—Ä–≤–æ–º —Å–µ—Ä–æ–º —É–∂–µ –±—É–¥–µ—Ç –∞–ø–æ—Å—Ç–∏–ª—å"
–ó–∞–±–∏—Ä–∞—é—Ç
"–∞ –æ–Ω–∏ –∑–∞–±–∏—Ä–∞—é—Ç –¥–æ–∫—É–º–µ–Ω—Ç –¥–∞? —Ç–æ –µ—Å—Ç—å –µ—Å–ª–∏ –ø–∞—Ä–∞–ª–ª–µ–ª—å–Ω–æ –∑–∞–ø—É—Å–∫–∞—Ç—å —Å–µ—Ä—É—é —Å—Ö–µ–º—É, —Ç–æ –Ω—É–∂–Ω–æ –µ—â–µ —Ä–∞–∑ –¥—É–±–ª–∏–∫–∞—Ç –ø–æ–ª—É—á–∞—Ç—å?"
–±—ã–ª–æ –±—ã –Ω–µ–ø–ª–æ—Ö–æ —Ç–∞–∫–∂–µ)
–í –Ω–∞—à–µ–º —Å–ª—É—á–∞–µ –º—ã –ø–æ–¥–∞–ª–∏ 2/10 –±—ã–ª –≥–æ—Ç–æ–≤ 21/10
–∞–∞
"5 –¥–Ω–µ–π –∏ 18300 —Ç–æ–ª—å–∫–æ –¥–æ 28 –æ–∫—Ç—è–±—Ä—è, –≤—ã—Ö–æ–¥–Ω—ã–µ –æ–Ω–∏ –Ω–µ —Ä–∞–±–æ—Ç–∞—é—Ç. –° –ø–æ–Ω–µ–¥–µ–ª—å–Ω–∏–∫–∞ —Ç–æ–ª—å–∫–æ 25 –¥–Ω–µ–π, —Ç–∞–∫ —Å–∫–∞–∑–∞–ª–∏ –ø–æ —Ç–µ–ª–µ—Ñ–æ–Ω—É"
–ß–µ—Ä–µ–∑ –º—Ñ—Ü —Å–µ–π—á–∞—Å 20-25 –¥–Ω–µ–π —Å –º–æ–º–µ–Ω—Ç–∞ –ø–æ–¥–∞—á–∏
–ø–æ—á–µ–º—É –Ω–µ —É—Å–ø–µ–µ—Ç? –ª–µ–≥–∞–ª—å–Ω–æ –∂–µ 5 –¥–Ω–µ–π?
"–í –æ—Ñ–∏—Ü–∏–∞–ª—å–Ω–æ–º –≤–∞—Ä–∏–∞–Ω—Ç–µ –∫ 28 –Ω–æ—è–±—Ä—è –¥–æ–∫—É–º–µ–Ω—Ç –º–æ–∂–µ—Ç –Ω–µ —É—Å–ø–µ—Ç—å –ø—Ä–∏–µ—Ö–∞—Ç—å, 25 –ø—è—Ç–Ω–∏—Ü–∞ –µ—â—ë. 
–ü–æ–Ω—è—Ç–Ω–æ, —á—Ç–æ –≤ –Ω–µ–æ—Ñ–∏—Ü–∏–∞–ª—å–Ω–æ–º —Å–ª—É—á–∞–µ –æ–Ω –Ω–µ–ª–∏–≥–∏—Ç–∏–º–µ–Ω —Å–∫–æ—Ä–µ–µ –≤—Å–µ–≥–æ, –Ω–æ –∫—Ç–æ –∂ —ç—Ç–æ –±—É–¥–µ—Ç –ø—Ä–æ–≤–µ—Ä—è—Ç—å. –ù–∞—Å–∫–æ–ª—å–∫–æ 28 –Ω–æ—è–±—Ä—è –∫—Ä–∏—Ç–∏—á–Ω–æ?"
"—è –¥—É–º–∞—é –ø–æ–ø—Ä–æ–±—É–µ–º —Å–Ω–∞—á–∞–ª–∞ –ø–æ –æ—Ñ–∏—Ü–∏–∞–ª—å–Ω–æ–π –ø—Ä–æ—Ü–µ–¥—É—Ä–µ, –∞ —Ç–∞–º –ø–æ—Å–º–æ—Ç—Ä–∏–º"
"—Å—É–ø–µ—Ä, —Å–ø–∞—Å–∏–±–æ!"
"+7 (499) 390-35-51 –ê–Ω–¥—Ä–µ–π, 1 –∫–æ–Ω—Ç–∞–∫—Ç. –ù–∞ –≤–æ–ø—Ä–æ—Å –æ –ª–µ–≥–∏—Ç–∏–º–Ω–æ—Å—Ç–∏ –æ—Ç–≤–µ—Ç–∏–ª —Ç–æ–ª—å–∫–æ, —á—Ç–æ —Ç–µ–ª–µ—Ñ–æ–Ω –≤ –∏–Ω—Ç–µ—Ä–Ω–µ—Ç–µ —É–∂–µ 15 –ª–µ—Ç, –ø–æ –≥–∞—Ä–∞–Ω—Ç–∏—è–º - –≤–∞–º –Ω—É–∂–µ–Ω –¥–æ–∫—É–º–µ–Ω—Ç, –º–Ω–µ –¥–µ–Ω—å–≥–∏. –í –∏–Ω—Ç–µ—Ä–Ω–µ—Ç–µ –µ—Å—Ç—å –∞–¥—Ä–µ—Å —ç—Ç–æ–≥–æ —Ç–µ–ª–µ—Ñ–æ–Ω–∞, —Å—Å—ã–ª–∫–∞ –Ω–∞ —Å–∞–π—Ç –ø–æ –∞–ø–æ—Å—Ç–∏–ª—è–º, –¥—Ä—É–≥–æ–π –∏–Ω—Ñ–æ—Ä–º–∞—Ü–∏–∏ –Ω–µ –Ω–∞—à—ë–ª"
"1 –∫–æ–Ω—Ç–∞–∫—Ç - —á–∞—Å—Ç–Ω—ã–π. –ê–Ω–¥—Ä–µ–π.
–ö—É—Ä—å–µ—Ä –∑–∞–±–µ—Ä—ë—Ç –≤ –≤–æ—Å–∫—Ä–µ—Å–µ–Ω—å–µ. –í –ø–æ–Ω–µ–¥–µ–ª—å–Ω–∏–∫ –¥–æ–∫—É–º–µ–Ω—Ç —Å –∞–ø–æ—Å—Ç–∏–ª–µ–º –±—É–¥–µ—Ç –≥–æ—Ç–æ–≤. –î–æ—Å—Ç–∞–≤–∫–∞ –∫—É—Ä—å–µ—Ä–æ–º –Ω–∞ –∞–¥—Ä–µ—Å. –î–µ–Ω—å–≥–∏ –∫—É—Ä—å–µ—Ä—É –Ω–∞ –º–µ—Å—Ç–µ - 9500—Ä"
2 –∫–æ–Ω—Ç–∞–∫—Ç - –æ—Ñ–∏—Ü–∏–∞–ª—å–Ω—ã–π. –ë—ã—Å—Ç—Ä—ã–π —Å—Ä–æ–∫ 5 –¥–Ω–µ–π –∏ —Å—Ç–æ–∏–º–æ—Å—Ç—å 18300—Ä –¥–µ–π—Å—Ç–≤—É–µ—Ç —Ç–æ–ª—å–∫–æ –¥–æ –∫–æ–Ω—Ü–∞ –Ω–µ–¥–µ–ª–∏. –í—Å–∫—Ä –≤—ã—Ö–æ–¥–Ω–æ–π. –° –ø–æ–Ω–µ–¥–µ–ª—å–Ω–∏–∫–∞ —Ç–æ–ª—å–∫–æ –æ–±—ã—á–Ω—ã–π —Ä–µ–∂–∏–º - 25 –¥–Ω–µ–π –∏ 4300—Ä
"1. 
https://–∞–ø–æ—Å—Ç–∏–ª—å-–º–æ—Å–∫–≤–∞.—Ä—Ñ/?_openstat=ZGlyZWN0LnlhbmRleC5ydTs3MjYzNTEzNTsxMTkzMTc2MDU1OTt5YW5kZXgucnU6cHJlbWl1bQ&yclid=13879456264439988223

2. 
https://apostil-info.ru/articles/apostil-na-svidetelstvo-o-rozhdenii/?ysclid=l9mvdb9p1929557215"
–ê–ø–æ—Å—Ç–∏–ª—å
""
""
–ö–æ–ª–æ–∫–æ–ª—å—á–∏–∫ —Å –∫–æ—Ä–æ–≤–∫–æ–π —Ä–∞–±–æ—Ç–∞–µ—Ç) üòò
""
""
""
""
–†–∞—Å—Ç—ë—Ç –Ω–µ –ø–æ –¥–Ω—è–º –∞ –ø–æ —á–∞—Å–∞–º
"–í–∏–¥–∏–º–æ,–≠–º–∏–ª–∏—è –≤—ã—Å–ø–∞–ª–∞—Å—åüôÇ"
""
–ù–∞—à–∞ –¥–µ–≤–æ—á–∫–∞ –±—É–¥–µ—Ç –≥–ª–∞–≤–Ω—ã–º –†—É–ª–µ–≤—ã–º)) ü•∞üòÄ
–†–æ–ª–∏–∫ –≤ –ö–∞–Ω–Ω—ã!))
–ù–ê–®–ê –î–ï–í–û–ß–ö–ê –ï–©–Å –ü–û–î–†–û–°–õ–êüòòüòòüòò
""
""
–ù—É –∞ –¥—Ä—É–∂–±–∞ –Ω–∞—á–∏–Ω–∞–µ—Ç—Å—è —Å —É–ª—ã–±–∫–∏!) ‚ù§Ô∏è‚ò∫Ô∏è
""
""
""
""
–≠–º–∏–ª–∏ —Ä—É–ª–∏—Ç!)) ‚ò∫Ô∏è
""
""
""
–ö—Ä–∞—Å–æ—Ç–∞! ü•∞
""
""
""
""
""
""
""
""
"–≠—Ö, –≤–æ—Ç —Ç–∞–∫ –±—ã –∫–∞—Ç–∞—Ç—å—Å—è –∏ –∫–∞—Ç–∞—Ç—å—Å—è üòÄ"
"–í –æ–∫–Ω–æ —Å–º–æ—Ç—Ä–µ—Ç—å –∏–Ω—Ç–µ—Ä–µ—Å–Ω–µ–π, —á–µ–º —Å–ø–∞—Ç—åüòÄ"
""
–§–∏—Ä–º–µ–Ω–Ω—ã–µ –ø–∞ –≥–æ–ª–æ–≤–∫–æ–π –æ—Ç –≠–º–∏–ª–∏–∏!)) üíÉüèº
""
"–ê–≥–∞, –≤ –ø–∞—Ä–∫ —Å–∞–¥–æ–≤–Ω–∏–∫–∏"
–ù–∞ –º–∞—à–∏–Ω–µ?
–í –ø–∞—Ä–∫ –ø–æ–≥—É–ª—è—Ç—å
–ö—É–¥–∞ –ø–æ–µ—Ö–∞–ª–∏ ?
""
""
–†–∞—Å—Ç—ë–º –ø–æ—Ç–∏—Ö–æ–Ω—å–∫—É)) üòç
–ü–µ—Ä–≤–æ–µ —Å–µ–ª—Ñ–∏))
""
–¢–æ–Ω—è #2 –∑–¥–µ—Å—å))
""
"–û–æ..–æ..–æ–æ, –ª—é–±–∏–º –≤–æ–¥–∏—á–∫—É)) –∞–º—Ñ–∏–±–∏—è –Ω–∞—à–∞ üòçü•∞"
""
""
–ù–∞—à–ª–∏ —Ñ–æ–Ω—Ç–∞–Ω –ø–æ—á—Ç–∏ —Ä—è–¥–æ–º —Å –¥–æ–º–æ–º!)
""
"–¢—ç..—ç–∫, –º–∞–º –ø–∞–ø, —Ä–∞–∑–≤–ª–µ–∫–∞–π—Ç–µ –º–µ–Ω—è)"
""
""
""
–°–æ–ª—å–Ω—ã–π –≤—ã—Ö–æ–¥ –≠–º–∏–ª–∏–∏!)
""
""
–°–∞–º—ã–π –º–æ–¥–Ω—ã–π –≤—ã–±–∏—Ä–∞–ª))
–ê–≥–∞)) –∏ —Ñ–∞—Å–æ–Ω—á–∏–∫ –∫–ª–∞—Å—Å–Ω—ã–π!)
–° —Ä–∞–∑–º–µ—Ä–æ–º üòÖ
–î–µ–¥ –Ω–µ –ø—Ä–æ–º–∞—Ö–Ω–µ—Ç—Å—è) üòÄ
–®—Ç–∞–Ω–∏—à–∫–∏ –≤ —Å–∞–º—ã–π —Ä–∞–∑!üòÄ
–ü–æ—Å–ø–∞–ª–∏ üòå –º–æ–∂–Ω–æ –∏ –ø–æ–ø–µ—Ç—å) üòÆ üé∫
–ò–ª–∏ —Å–ø–µ—Ç—å!)
""
–ü–æ–µ–ª–∏ üçº —Ç–µ–ø–µ—Ä—å –º–æ–∂–Ω–æ –∏ –ø–æ—Å–ø–∞—Ç—å üò¥üéä
""
""
""
–ö—Ä–∞—Å–æ—Ç–∞!)
–ö–∞–π—Ñ!
–†–µ–ø–æ—Ä—Ç–∞–∂–∏ —Å –º–µ—Å—Ç–∞ —Å–æ–±—ã—Ç–∏–π)
""
